KDOTBLP_ATTRIBUTE_DESCRIPTOR,10
KDOTBLP_USERS,20
KDOTBLP_BRIDGE,30
KDOTBLP_INSPECTIONS,40
KDOTBLP_LOAD_RATINGS,50
LR_VEHICLE_DEFS,60
KDOTBLP_QAQC_REVIEW_FINDINGS,70
KDOTBLP_QAQC_REVIEW_FLAGS,80
KDOTBLP_DOCUMENTS,90
KDOTBLP_NBI_RATING_HISTORY,100
KDOTBLP_KBLRP_CONTRACTS,110
KDOTBLP_EXCLUDED_STRUCTURES,120
KDOTBLP_FORM_TABS,130
KDOTBLP_DESIGN_MATERIAL_LOOKUP,140
KDOTBLP_PON_APP_GROUP_CONTACTS,150
KDOTBLP_REPORTS,160
KDOTBLP_VALDN_RESULTS,170
KIND_CODE_LABELS,180
LOOKUP_MAT_DESIGN_APPR_TYPE,190
PARAMTRS,200
LOOKUP_MAT_DESIGN_MAIN_TYPE,210
DATADICT,220
COPTIONS,230
PON_COPTIONS,240
PON_APP_USERS,250
PON_APP_ROLES,260
PON_APP_USERS_ROLES,270
PON_APP_PERMISSIONS,280
PON_APP_ROLES_PERMISSIONS,290
PON_APP_GROUPS,300
PON_APP_USERS_GROUPS,310
PON_APP_GROUP_ACCESS_FILTERS,320
PON_FILTERS,330
PON_LAYOUTS,340
KDOTBLP_ATTRIBUTE_DESCRIPTOR,350
KDOTBLP_USERS,360
KDOTBLP_BRIDGE,370
KDOTBLP_INSPECTIONS,380
KDOTBLP_LOAD_RATINGS,390
LR_VEHICLE_DEFS,400
KDOTBLP_QAQC_REVIEW_FINDINGS,410
KDOTBLP_QAQC_REVIEW_FLAGS,420
KDOTBLP_DOCUMENTS,430
KDOTBLP_NBI_RATING_HISTORY,440
KDOTBLP_KBLRP_CONTRACTS,450
KDOTBLP_EXCLUDED_STRUCTURES,460
KDOTBLP_FORM_TABS,470
KDOTBLP_DESIGN_MATERIAL_LOOKUP,480
KDOTBLP_PON_APP_GROUP_CONTACTS,490
KDOTBLP_REPORTS,500
KDOTBLP_VALDN_RESULTS,510
KIND_CODE_LABELS,520
LOOKUP_MAT_DESIGN_APPR_TYPE,530
PARAMTRS,540
LOOKUP_MAT_DESIGN_MAIN_TYPE,550
DATADICT,560
COPTIONS,570
PON_COPTIONS,580
PON_APP_USERS,590
PON_APP_ROLES,600
PON_APP_USERS_ROLES,610
PON_APP_PERMISSIONS,620
PON_APP_ROLES_PERMISSIONS,630
PON_APP_GROUPS,640
PON_APP_USERS_GROUPS,650
PON_APP_GROUP_ACCESS_FILTERS,660
PON_FILTERS,670
PON_LAYOUTS,680
